start_station_name,member_rides,casual_rides,total_rides,casual_share
Streeter Dr & Grand Ave,14879.0,53104.0,67983.0,0.7811364605857347
Canal St & Adams St,50575.0,3814.0,54389.0,0.07012447369872585
Clinton St & Madison St,45990.0,3918.0,49908.0,0.07850444818465978
Lake Shore Dr & Monroe St,10566.0,39238.0,49804.0,0.7878483655931251
Clinton St & Washington Blvd,45378.0,2775.0,48153.0,0.05762880817394555
Columbus Dr & Randolph St,31370.0,7822.0,39192.0,0.19958154725454175
Michigan Ave & Washington St,25468.0,12228.0,37696.0,0.32438455008488964
Michigan Ave & Oak St,14061.0,21388.0,35449.0,0.603345651499337
Lake Shore Dr & North Blvd,15520.0,18952.0,34472.0,0.5497795312137387
Franklin St & Monroe St,30832.0,3465.0,34297.0,0.1010292445403388
Millennium Park,12357.0,21749.0,34106.0,0.63768838327567
Daley Center Plaza,30423.0,3452.0,33875.0,0.10190405904059041
Kingsbury St & Kinzie St,30654.0,2448.0,33102.0,0.07395323545405111
Theater on the Lake,16974.0,15027.0,32001.0,0.4695790756538858
Canal St & Madison St,27138.0,2693.0,29831.0,0.0902752170560826
Shedd Aquarium,5815.0,20617.0,26432.0,0.7800015133171913
Clark St & Elm St,21485.0,4148.0,25633.0,0.16182265048960326
LaSalle St & Jackson Blvd,23021.0,2357.0,25378.0,0.09287571912680274
Wabash Ave & Grand Ave,18505.0,6029.0,24534.0,0.24574060487486754
Wells St & Huron St,21143.0,3026.0,24169.0,0.12520170466299804
Dearborn St & Erie St,20232.0,3899.0,24131.0,0.16157639550785297
Orleans St & Merchandise Mart Plaza,21356.0,2588.0,23944.0,0.10808553291012363
Clinton St & Lake St,21567.0,1815.0,23382.0,0.07762381318963305
Wells St & Concord Ln,18622.0,4350.0,22972.0,0.18936096117012013
Michigan Ave & Lake St,17410.0,5397.0,22807.0,0.23663787433682643
Larrabee St & Kingsbury St,20904.0,1817.0,22721.0,0.07997007173980018
Desplaines St & Kinzie St,19427.0,2530.0,21957.0,0.1152252129161543
St. Clair St & Erie St,17332.0,4540.0,21872.0,0.20757132406730067
Clark St & Armitage Ave,14881.0,6608.0,21489.0,0.3075061659453674
Indiana Ave & Roosevelt Rd,12922.0,8029.0,20951.0,0.38322753090544603
Fairbanks Ct & Grand Ave,15477.0,5125.0,20602.0,0.2487622560916416
Wells St & Hubbard St,17118.0,3379.0,20497.0,0.1648533931794897
Dearborn St & Monroe St,18144.0,2349.0,20493.0,0.11462450592885376
McClurg Ct & Illinois St,13086.0,6977.0,20063.0,0.34775457309475155
State St & Randolph St,16136.0,3632.0,19768.0,0.1837312828814245
Wabash Ave & Roosevelt Rd,15914.0,3803.0,19717.0,0.19287924126388395
Clark St & Lincoln Ave,12950.0,6715.0,19665.0,0.3414696160691584
Damen Ave & Pierce Ave,15546.0,4086.0,19632.0,0.20812958435207823
Franklin St & Jackson Blvd,16394.0,2985.0,19379.0,0.15403271582641004
Ashland Ave & Division St,16029.0,2940.0,18969.0,0.15498972006958722
State St & Kinzie St,15764.0,3183.0,18947.0,0.1679949332348129
Kingsbury St & Erie St,17256.0,1690.0,18946.0,0.08920088673070833
Wilton Ave & Belmont Ave,14990.0,3776.0,18766.0,0.2012149632313759
LaSalle St & Illinois St,14412.0,3995.0,18407.0,0.21703699679469768
Sheffield Ave & Fullerton Ave,15129.0,2927.0,18056.0,0.1621067789100576
Morgan St & Lake St,15307.0,2486.0,17793.0,0.13971786657674368
Broadway & Barry Ave,13686.0,3991.0,17677.0,0.22577360411834588
Dusable Harbor,4607.0,12546.0,17153.0,0.7314172447968286
Dearborn Pkwy & Delaware Pl,14144.0,2749.0,16893.0,0.1627301249038063
Adler Planetarium,4807.0,11928.0,16735.0,0.712757693456827
Green St & Madison St,14121.0,2337.0,16458.0,0.14199781261392636
Wacker Dr & Washington St,15010.0,1277.0,16287.0,0.07840609074722171
Clark St & Lake St,13843.0,2232.0,16075.0,0.13884914463452566
Clark St & Randolph St,13520.0,2231.0,15751.0,0.14164180052060188
McClurg Ct & Erie St,12843.0,2883.0,15726.0,0.1833269744372377
Franklin St & Lake St,13964.0,1721.0,15685.0,0.10972266496652854
Michigan Ave & Jackson Blvd,8624.0,6917.0,15541.0,0.4450807541342256
Wilton Ave & Diversey Pkwy,13489.0,2035.0,15524.0,0.1310873486214893
Clark St & Wrightwood Ave,12402.0,3101.0,15503.0,0.20002580145778237
Wells St & Elm St,12928.0,2461.0,15389.0,0.15991942296445513
Milwaukee Ave & Grand Ave,13316.0,1999.0,15315.0,0.13052562846882143
Ravenswood Ave & Lawrence Ave,13713.0,1410.0,15123.0,0.09323546915294584
Bissell St & Armitage Ave,12615.0,2274.0,14889.0,0.152730203505944
Marshfield Ave & Cortland St,12713.0,2141.0,14854.0,0.14413625959337553
Wells St & Evergreen Ave,11723.0,3074.0,14797.0,0.2077448131377982
Michigan Ave & 8th St,5269.0,9525.0,14794.0,0.6438420981478978
Cityfront Plaza Dr & Pioneer Ct,10795.0,3979.0,14774.0,0.26932448896710437
Lakeview Ave & Fullerton Pkwy,9506.0,4977.0,14483.0,0.34364427259545677
Lake Shore Dr & Ohio St,8063.0,6379.0,14442.0,0.4416978257859022
Mies van der Rohe Way & Chestnut St,9857.0,4545.0,14402.0,0.31558116928204416
Sedgwick St & Huron St,13109.0,1293.0,14402.0,0.08977919733370365
Green St & Randolph St,11062.0,3017.0,14079.0,0.21429078769798993
Sedgwick St & North Ave,11627.0,2314.0,13941.0,0.16598522344164693
Rush St & Superior St,11002.0,2871.0,13873.0,0.20694874936927846
Desplaines St & Jackson Blvd,12484.0,1308.0,13792.0,0.09483758700696056
Clark St & Schiller St,11383.0,2344.0,13727.0,0.17075835943760473
Montrose Harbor,5405.0,8188.0,13593.0,0.6023688663282571
Morgan St & Polk St,12589.0,960.0,13549.0,0.07085393755996752
Peoria St & Jackson Blvd,12041.0,1430.0,13471.0,0.10615396035929033
Lake Shore Dr & Belmont Ave,7745.0,5722.0,13467.0,0.42489047300809385
Lincoln Ave & Fullerton Ave,10560.0,2858.0,13418.0,0.21299746609032644
Loomis St & Lexington St,12417.0,811.0,13228.0,0.06130934381614757
Stetson Ave & South Water St,10505.0,2390.0,12895.0,0.1853431562621171
Rush St & Cedar St,9097.0,3757.0,12854.0,0.29228255795861213
Clark St & Drummond Pl,9779.0,2997.0,12776.0,0.23458046336881652
Mies van der Rohe Way & Chicago Ave,9178.0,3470.0,12648.0,0.2743516761543327
Wabash Ave & 9th St,10046.0,2561.0,12607.0,0.20314111208059016
Larrabee St & Webster Ave,9646.0,2937.0,12583.0,0.23341015656043868
Southport Ave & Roscoe St,10165.0,2372.0,12537.0,0.18919996809444045
Lake Shore Dr & Wellington Ave,7974.0,4405.0,12379.0,0.3558445754907505
Sheridan Rd & Irving Park Rd,10829.0,1543.0,12372.0,0.12471710313611381
Broadway & Cornelia Ave,9326.0,2938.0,12264.0,0.23956294846705806
Sheffield Ave & Wellington Ave,10151.0,2068.0,12219.0,0.16924461903592766
Aberdeen St & Jackson Blvd,10878.0,1262.0,12140.0,0.10395387149917627
Sheffield Ave & Waveland Ave,7780.0,4351.0,12131.0,0.35866787569038
Clark St & Ida B Wells Dr,11189.0,938.0,12127.0,0.07734806629834254
Sheffield Ave & Webster Ave,9925.0,2149.0,12074.0,0.17798575451383136
Dearborn St & Adams St,10300.0,1736.0,12036.0,0.14423396477234962
Lake Shore Dr & Diversey Pkwy,7331.0,4698.0,12029.0,0.3905561559564386
Clinton St & Jackson Blvd,10853.0,1144.0,11997.0,0.09535717262648996
Federal St & Polk St,9968.0,2012.0,11980.0,0.1679465776293823
Pine Grove Ave & Waveland Ave,9075.0,2878.0,11953.0,0.24077637413201708
Wabash Ave & Wacker Pl,7732.0,4208.0,11940.0,0.352428810720268
Sedgwick St & Webster Ave,9404.0,2521.0,11925.0,0.21140461215932915
University Ave & 57th St,10353.0,1558.0,11911.0,0.13080345898749055
Sheffield Ave & Kingsbury St,10184.0,1598.0,11782.0,0.13563062298421322
LaSalle St & Washington St,10157.0,1401.0,11558.0,0.12121474303512718
Desplaines St & Randolph St,9806.0,1726.0,11532.0,0.1496704821366632
Wabash Ave & Adams St,9379.0,2133.0,11512.0,0.18528492008339123
State St & Pearson St,9305.0,2120.0,11425.0,0.18555798687089717
Michigan Ave & Madison St,8360.0,2886.0,11246.0,0.25662457762760094
Clark St & Wellington Ave,9099.0,2067.0,11166.0,0.18511552928533045
State St & Van Buren St,8837.0,2208.0,11045.0,0.1999094612947035
Rush St & Hubbard St,9544.0,1485.0,11029.0,0.13464502674766524
Southport Ave & Waveland Ave,8399.0,2504.0,10903.0,0.22966156103824636
Michigan Ave & Pearson St,5564.0,5333.0,10897.0,0.48940075250068826
Stockton Dr & Wrightwood Ave,7450.0,3445.0,10895.0,0.31620009178522257
Halsted St & Roscoe St,8179.0,2578.0,10757.0,0.23965789718322952
Broadway & Belmont Ave,8070.0,2677.0,10747.0,0.24909277007536987
Broadway & Waveland Ave,8782.0,1918.0,10700.0,0.17925233644859814
Burnham Harbor,7267.0,3391.0,10658.0,0.3181647588665791
Canal St & Jackson Blvd,9314.0,1241.0,10555.0,0.11757460918995737
Halsted St & Dickens Ave,8452.0,1992.0,10444.0,0.19073152049023362
Aberdeen St & Randolph St,8738.0,1690.0,10428.0,0.16206367472190256
Field Blvd & South Water St,7311.0,3047.0,10358.0,0.29416875844757673
Wood St & Milwaukee Ave,8433.0,1794.0,10227.0,0.17541801114696393
Canal St & Monroe St,9114.0,942.0,10056.0,0.09367541766109785
Field Museum,2402.0,7654.0,10056.0,0.7611376292760541
Clark St & Chicago Ave,8198.0,1835.0,10033.0,0.18289644174225056
Milwaukee Ave & Wabansia Ave,7968.0,2008.0,9976.0,0.2012830793905373
Ogden Ave & Chicago Ave,8572.0,1386.0,9958.0,0.1391845752159068
Halsted St & Clybourn Ave,8519.0,1408.0,9927.0,0.1418353984083812
Dayton St & North Ave,8259.0,1612.0,9871.0,0.16330665586060175
Southport Ave & Wellington Ave,8155.0,1636.0,9791.0,0.1670922275559187
Larrabee St & Division St,8360.0,1398.0,9758.0,0.14326706292273006
Lakefront Trail & Bryn Mawr Ave,5181.0,4478.0,9659.0,0.4636090692618283
Pine Grove Ave & Irving Park Rd,7809.0,1711.0,9520.0,0.17972689075630252
Halsted St & Wrightwood Ave,7945.0,1547.0,9492.0,0.16297935103244837
Clark St & North Ave,5906.0,3585.0,9491.0,0.3777262669897798
Aberdeen St & Monroe St,8249.0,1211.0,9460.0,0.12801268498942917
Burling St (Halsted) & Diversey Pkwy (Temp),8091.0,1302.0,9393.0,0.13861386138613863
Sheffield Ave & Willow St,7936.0,1255.0,9191.0,0.13654662169513654
Wabash Ave & 16th St,7686.0,1494.0,9180.0,0.1627450980392157
Wolcott Ave & Polk St,8537.0,553.0,9090.0,0.06083608360836083
Racine Ave & Fullerton Ave,7761.0,1321.0,9082.0,0.14545254349262277
Michigan Ave & 18th St,7789.0,1289.0,9078.0,0.14199162811191893
California Ave & Milwaukee Ave,7180.0,1838.0,9018.0,0.20381459303614993
Damen Ave & Chicago Ave,7651.0,1321.0,8972.0,0.14723584485064645
Damen Ave & Cortland St,6940.0,2024.0,8964.0,0.22579205711735834
Kedzie Ave & Milwaukee Ave,6568.0,2393.0,8961.0,0.26704608860618234
Michigan Ave & 14th St,7354.0,1554.0,8908.0,0.17444993264481365
Clinton St & Jackson Blvd (*),8576.0,331.0,8907.0,0.03716178286740766
Clark St & Newport St,6109.0,2789.0,8898.0,0.3134412227466846
Franklin St & Chicago Ave,8129.0,763.0,8892.0,0.08580746738641476
Ellis Ave & 55th St,7616.0,1134.0,8750.0,0.1296
Larrabee St & Oak St,7928.0,750.0,8678.0,0.08642544365061074
Western Ave & Winnebago Ave,7156.0,1446.0,8602.0,0.16810044175773076
Jefferson St & Monroe St,7719.0,863.0,8582.0,0.10055931018410627
Southport Ave & Clybourn Ave,7106.0,1458.0,8564.0,0.17024754787482485
Sheffield Ave & Wrightwood Ave,6844.0,1695.0,8539.0,0.19850099543272046
Michigan Ave & Ida B Wells Dr,4440.0,4056.0,8496.0,0.4774011299435028
Wells St & Polk St,7058.0,1403.0,8461.0,0.16581964306819524
Orleans St & Chestnut St (NEXT Apts),7201.0,1199.0,8400.0,0.14273809523809525
Kimbark Ave & 53rd St,7244.0,1113.0,8357.0,0.13318176379083402
Honore St & Division St,6731.0,1553.0,8284.0,0.1874698213423467
Ritchie Ct & Banks St,6106.0,2132.0,8238.0,0.25880067977664484
Broadway & Sheridan Rd,6668.0,1525.0,8193.0,0.18613450506529963
Lincoln Ave & Roscoe St,6951.0,1211.0,8162.0,0.1483704974271012
Halsted St & Polk St,7336.0,794.0,8130.0,0.0976629766297663
Ogden Ave & Race Ave,7209.0,803.0,8012.0,0.10022466300549177
Calumet Ave & 18th St,5485.0,2360.0,7845.0,0.3008285532186106
Clifton Ave & Armitage Ave,6496.0,1310.0,7806.0,0.16781962592877273
Canal St & Taylor St,6396.0,1379.0,7775.0,0.17736334405144694
State St & Harrison St,5852.0,1913.0,7765.0,0.2463618802318094
Wells St & Walton St,6433.0,1307.0,7740.0,0.16886304909560723
Clark St & Winnemac Ave,6488.0,1200.0,7688.0,0.15608740894901144
Damen Ave & Division St,6580.0,1098.0,7678.0,0.14300599114352697
MLK Jr Dr & 29th St,6941.0,705.0,7646.0,0.09220507454878368
Clark St & Grace St,5391.0,2247.0,7638.0,0.2941869599371563
Lincoln Ave & Diversey Pkwy,6096.0,1484.0,7580.0,0.19577836411609498
Clarendon Ave & Gordon Ter,5988.0,1566.0,7554.0,0.2073073868149325
Broadway & Wilson Ave,6351.0,1199.0,7550.0,0.15880794701986756
Ada St & Washington Blvd,6805.0,744.0,7549.0,0.09855610014571467
Larrabee St & Armitage Ave,5986.0,1556.0,7542.0,0.20631132325643065
Halsted St & Willow St,6366.0,1169.0,7535.0,0.15514266755142667
Fort Dearborn Dr & 31st St,3491.0,3934.0,7425.0,0.5298316498316499
Racine Ave & Belmont Ave,5523.0,1864.0,7387.0,0.2523351834303506
Shore Dr & 55th St,4795.0,2565.0,7360.0,0.3485054347826087
May St & Taylor St,6167.0,1176.0,7343.0,0.1601525262154433
Sheridan Rd & Montrose Ave,5835.0,1490.0,7325.0,0.20341296928327646
Ellis Ave & 60th St,6083.0,1178.0,7261.0,0.16223660652802643
Greenview Ave & Fullerton Ave,5665.0,1587.0,7252.0,0.2188361831218974
Carpenter St & Huron St,6110.0,952.0,7062.0,0.13480600396488246
Paulina Ave & North Ave,5767.0,1254.0,7021.0,0.1786070360347529
Clark St & Berwyn Ave,5571.0,1415.0,6986.0,0.20254795304895507
Halsted St & Maxwell St,5909.0,985.0,6894.0,0.1428778648099797
Clinton St & Tilden St,6334.0,515.0,6849.0,0.07519345889910936
LaSalle Dr & Huron St,5182.0,1561.0,6743.0,0.2314993326412576
LaSalle St & Adams St,5588.0,1117.0,6705.0,0.16659209545115586
Noble St & Milwaukee Ave,5835.0,821.0,6656.0,0.12334735576923077
900 W Harrison St,5760.0,883.0,6643.0,0.13292187264790004
State St & 33rd St,6067.0,572.0,6639.0,0.08615755384847115
Lincoln Ave & Belmont Ave,5455.0,1159.0,6614.0,0.17523435137586937
Southport Ave & Wrightwood Ave,5210.0,1392.0,6602.0,0.21084519842471977
Delano Ct & Roosevelt Rd,5125.0,1370.0,6495.0,0.21093148575827558
Halsted St & Roosevelt Rd,5818.0,636.0,6454.0,0.09854353889061047
Eckhart Park,5664.0,763.0,6427.0,0.11871790882215652
Ashland Ave & Blackhawk St,5431.0,991.0,6422.0,0.1543132980379944
Damen Ave & Thomas St (Augusta Blvd),5538.0,877.0,6415.0,0.1367108339828527
Artesian Ave & Hubbard St,5772.0,503.0,6275.0,0.0801593625498008
Blue Island Ave & 18th St,5501.0,765.0,6266.0,0.12208745611235237
Buckingham Fountain,2645.0,3616.0,6261.0,0.5775435233988181
Racine Ave & Congress Pkwy,5694.0,496.0,6190.0,0.0801292407108239
Western Ave & Walton St,5256.0,893.0,6149.0,0.1452268661570987
Cannon Dr & Fullerton Ave,2528.0,3607.0,6135.0,0.5879380603096984
Clybourn Ave & Division St,5523.0,559.0,6082.0,0.091910555738244
Canal St & Monroe St (*),5866.0,193.0,6059.0,0.03185344116190791
Wood St & Taylor St,5743.0,276.0,6019.0,0.045854793155009135
Lakefront Trail & Wilson Ave,3534.0,2390.0,5924.0,0.4034436191762323
Cornell Ave & Hyde Park Blvd,4120.0,1739.0,5859.0,0.2968083290663936
Halsted St & Clybourn Ave (*),5388.0,467.0,5855.0,0.07976088812980359
Clinton St & Roosevelt Rd,4645.0,1168.0,5813.0,0.2009289523481851
Franklin St & Adams St (Temp),4660.0,1126.0,5786.0,0.19460767369512616
Franklin St & Quincy St,5092.0,674.0,5766.0,0.11689212625737079
Ellis Ave & 58th St,5093.0,654.0,5747.0,0.11379850356707848
Paulina St & Flournoy St,5180.0,543.0,5723.0,0.0948803075310152
Ashland Ave & Chicago Ave,4749.0,911.0,5660.0,0.16095406360424028
Franklin St & Chicago Ave (Temp),4842.0,789.0,5631.0,0.14011720831113478
McCormick Place,1931.0,3697.0,5628.0,0.6568941009239516
Damen Ave & Leland Ave,4908.0,694.0,5602.0,0.12388432702606213
Racine Ave & Randolph St,4894.0,690.0,5584.0,0.12356733524355301
Southport Ave & Irving Park Rd,4596.0,962.0,5558.0,0.17308384310903202
Southport Ave & Belmont Ave,4565.0,985.0,5550.0,0.17747747747747747
Lake Park Ave & 56th St,4499.0,941.0,5440.0,0.17297794117647058
Racine Ave & Wrightwood Ave,4449.0,965.0,5414.0,0.1782415958625785
Clark St & Leland Ave,4722.0,688.0,5410.0,0.12717190388170055
Western Ave & Leland Ave,4516.0,854.0,5370.0,0.1590316573556797
Broadway & Berwyn Ave,4346.0,1010.0,5356.0,0.18857356235997014
Wood St & Augusta Blvd,4854.0,468.0,5322.0,0.08793686583990981
Benson Ave & Church St,4201.0,1105.0,5306.0,0.2082548058801357
Broadway & Argyle St,4207.0,1087.0,5294.0,0.20532678503966756
Leavitt St & North Ave,4251.0,929.0,5180.0,0.17934362934362935
Marine Dr & Ainslie St,3214.0,1958.0,5172.0,0.3785769528228925
Clarendon Ave & Junior Ter,3499.0,1576.0,5075.0,0.31054187192118227
Ashland Ave & Wrightwood Ave,4177.0,897.0,5074.0,0.1767836026803311
Ashland Ave & Augusta Blvd,4482.0,573.0,5055.0,0.11335311572700296
Larrabee St & Menomonee St,4548.0,492.0,5040.0,0.09761904761904762
Sangamon St & Washington Blvd,4375.0,617.0,4992.0,0.12359775641025642
Orleans St & Hubbard St,4306.0,665.0,4971.0,0.13377590022128344
Hermitage Ave & Polk St,4625.0,277.0,4902.0,0.05650754793961648
Racine Ave & 18th St,3860.0,971.0,4831.0,0.20099358310908713
Buckingham Fountain (Temp),791.0,3978.0,4769.0,0.8341371356678549
Wood St & Chicago Ave (*),4279.0,487.0,4766.0,0.10218212337389845
Ashland Ave & Grace St,3989.0,691.0,4680.0,0.14764957264957265
Financial Pl & Ida B Wells Dr,3989.0,645.0,4634.0,0.13918860595597757
Damen Ave & Grand Ave,3870.0,668.0,4538.0,0.14720141031291317
Lincoln Ave & Sunnyside Ave,3859.0,669.0,4528.0,0.14774734982332155
Ashland Ave & Grand Ave,3942.0,522.0,4464.0,0.11693548387096774
Sheridan Rd & Buena Ave,3632.0,795.0,4427.0,0.17957985091484074
Ravenswood Ave & Irving Park Rd,3770.0,649.0,4419.0,0.14686580674360716
Clark St & Montrose Ave,3864.0,549.0,4413.0,0.12440516655336506
Broadway & Granville Ave,2809.0,1597.0,4406.0,0.3624602814344076
Broadway & Thorndale Ave,3022.0,1371.0,4393.0,0.31208741179148647
Ellis Ave & 53rd St,3877.0,492.0,4369.0,0.1126115815976196
Campbell Ave & North Ave,3550.0,817.0,4367.0,0.18708495534692007
Racine Ave & Washington Blvd (*),3941.0,421.0,4362.0,0.09651535992663916
Damen Ave & Charleston St,3489.0,873.0,4362.0,0.20013755158184318
Western Ave & Division St,3525.0,831.0,4356.0,0.19077134986225897
Clark St & 9th St (AMLI),3628.0,719.0,4347.0,0.1654014262709915
Broadway & Ridge Ave,3410.0,909.0,4319.0,0.21046538550590416
Morgan Ave & 14th Pl,3847.0,419.0,4266.0,0.09821847163619316
Loomis St & Jackson Blvd,3711.0,465.0,4176.0,0.11135057471264367
Winthrop Ave & Lawrence Ave,3416.0,753.0,4169.0,0.18061885344207243
Lake Park Ave & 53rd St,2782.0,1379.0,4161.0,0.33141071857726506
Greenview Ave & Diversey Pkwy,3317.0,840.0,4157.0,0.20206879961510704
Logan Blvd & Elston Ave,3517.0,627.0,4144.0,0.1513030888030888
Morgan St & 18th St,3293.0,844.0,4137.0,0.204012569494803
Lincoln Ave & Belle Plaine Ave,3386.0,735.0,4121.0,0.17835476826013102
Clark St & Bryn Mawr Ave,3467.0,643.0,4110.0,0.15644768856447688
Lincoln Ave & Waveland Ave,3528.0,554.0,4082.0,0.13571778539931406
California Ave & Cortez St,3427.0,652.0,4079.0,0.15984309879872519
Calumet Ave & 21st St,1927.0,2046.0,3973.0,0.5149760885980368
Fairbanks St & Superior St,3066.0,905.0,3971.0,0.22790229161420297
Dearborn St & Van Buren St,3187.0,754.0,3941.0,0.19132199949251458
Larrabee St & North Ave,3368.0,568.0,3936.0,0.1443089430894309
Woodlawn Ave & 55th St,3356.0,569.0,3925.0,0.14496815286624204
Sangamon St & Washington Blvd (*),3716.0,191.0,3907.0,0.04888661377015613
Sedgwick St & Schiller St,3239.0,622.0,3861.0,0.1610981610981611
Wood St & Hubbard St,3375.0,483.0,3858.0,0.12519440124416797
Kedzie Ave & Palmer Ct,3256.0,586.0,3842.0,0.15252472670484124
Franklin St & Illinois St,3246.0,575.0,3821.0,0.15048416644857368
Albany Ave & Bloomingdale Ave,2757.0,1033.0,3790.0,0.2725593667546174
Leavitt St & Armitage Ave,3124.0,660.0,3784.0,0.1744186046511628
Humboldt Blvd & Armitage Ave,2838.0,925.0,3763.0,0.24581450969970767
Leavitt St & Chicago Ave,3250.0,511.0,3761.0,0.13586812018080296
Sheridan Rd & Loyola Ave,2609.0,1135.0,3744.0,0.3031517094017094
Wentworth Ave & Cermak Rd (Temp),2470.0,1270.0,3740.0,0.339572192513369
Orleans St & Hubbard St (*),3464.0,247.0,3711.0,0.06655887900835354
Museum of Science and Industry,1028.0,2636.0,3664.0,0.7194323144104804
Damen Ave & Foster Ave,3125.0,509.0,3634.0,0.14006604292790314
Seeley Ave & Roscoe St,2914.0,713.0,3627.0,0.19658119658119658
Ashland Ave & Wellington Ave,3081.0,517.0,3598.0,0.14369093941078376
Sheridan Rd & Lawrence Ave,2732.0,852.0,3584.0,0.23772321428571427
LaSalle Dr & Huron St (*),3062.0,483.0,3545.0,0.13624823695345556
Spaulding Ave & Armitage Ave,2738.0,795.0,3533.0,0.22502122841777525
Ashland Ave & Lake St,3002.0,531.0,3533.0,0.15029719784885368
Financial Pl & Ida B Wells Dr (Temp),3296.0,222.0,3518.0,0.06310403638430927
Walsh Park,2421.0,1077.0,3498.0,0.3078902229845626
Damen Ave & Wellington Ave,2834.0,652.0,3486.0,0.18703384968445208
Clarendon Ave & Leland Ave,2569.0,884.0,3453.0,0.2560092673037938
Damen Ave & Clybourn Ave,2868.0,546.0,3414.0,0.15992970123022848
Elizabeth (May) St & Fulton St,3067.0,332.0,3399.0,0.09767578699617535
Paulina St & 18th St,2835.0,557.0,3392.0,0.16420990566037735
Lincoln Park Conservatory,1531.0,1859.0,3390.0,0.5483775811209439
Blackstone Ave & Hyde Park Blvd,2666.0,717.0,3383.0,0.2119420632574638
Throop (Loomis) St & Taylor St,3050.0,329.0,3379.0,0.09736608464042616
Canal St & Harrison St,3102.0,269.0,3371.0,0.07979827944230199
Emerald Ave & 31st St,3025.0,279.0,3304.0,0.08444309927360774
Claremont Ave & Hirsch St,2919.0,330.0,3249.0,0.10156971375807941
California Ave & North Ave,2652.0,560.0,3212.0,0.17434620174346202
Harper Ave & 59th St,2674.0,508.0,3182.0,0.1596480201131364
Indiana Ave & 31st St,2659.0,398.0,3057.0,0.13019299967288192
Fairbanks St & Superior St (*),2788.0,260.0,3048.0,0.08530183727034121
Glenwood Ave & Morse Ave,2475.0,569.0,3044.0,0.18692509855453351
Sheridan Rd & Noyes St (NU),2333.0,710.0,3043.0,0.23332237923102203
Wabash Ave & Cermak Rd,2142.0,893.0,3035.0,0.2942339373970346
Clark St & Lunt Ave,2662.0,367.0,3029.0,0.12116209970287224
Winchester Ave & Elston Ave,2453.0,563.0,3016.0,0.1866710875331565
Calumet Ave & 33rd St,2702.0,301.0,3003.0,0.10023310023310024
Milwaukee Ave & Rockwell St,2228.0,757.0,2985.0,0.2536013400335008
Ravenswood Ave & Berteau Ave,2593.0,325.0,2918.0,0.1113776559287183
California Ave & Francis Pl,2284.0,582.0,2866.0,0.2030704815073273
Chicago Ave & Washington St,2386.0,465.0,2851.0,0.16310066643283058
Orleans St & Elm St,2441.0,359.0,2800.0,0.12821428571428573
Ashland Ave & Belle Plaine Ave,2241.0,501.0,2742.0,0.18271334792122537
Southport Ave & Clark St,2285.0,406.0,2691.0,0.1508732813080639
Racine Ave (May St) & Fulton St,2544.0,137.0,2681.0,0.051100335695635955
Dearborn St & Van Buren St (*),2455.0,206.0,2661.0,0.07741450582487787
State St & 19th St,1897.0,753.0,2650.0,0.28415094339622643
Elston Ave & Wabansia Ave,2197.0,432.0,2629.0,0.16432103461392164
State St & 35th St,2271.0,356.0,2627.0,0.1355157974876285
Western Ave & Fillmore St (*),2417.0,210.0,2627.0,0.07993909402360107
Western Ave & Roscoe St,2299.0,290.0,2589.0,0.11201235998455002
Leavitt St & Division St (*),2311.0,265.0,2576.0,0.10287267080745342
Paulina St & Montrose Ave,2050.0,514.0,2564.0,0.20046801872074882
Clinton St & 18th St,2143.0,417.0,2560.0,0.162890625
Leavitt St & Lawrence Ave,2204.0,334.0,2538.0,0.13159968479117415
Stave St & Armitage Ave,2093.0,436.0,2529.0,0.17240015816528273
Campbell Ave & Fullerton Ave,2020.0,483.0,2503.0,0.19296843787455054
California Ave & Altgeld St,2067.0,432.0,2499.0,0.17286914765906364
Campbell Ave & Montrose Ave,2287.0,182.0,2469.0,0.07371405427298501
Clark St & Elmdale Ave,2071.0,378.0,2449.0,0.15434871376071865
Lake Park Ave & 35th St,1411.0,1035.0,2446.0,0.4231398201144726
University Library (NU),1893.0,552.0,2445.0,0.22576687116564417
Paulina St & Howard St,1966.0,458.0,2424.0,0.18894389438943895
Damen Ave & Sunnyside Ave,1978.0,406.0,2384.0,0.17030201342281878
Damen Ave & Melrose Ave,1820.0,551.0,2371.0,0.23239139603542808
Wolcott (Ravenswood) Ave & Montrose Ave,1974.0,381.0,2355.0,0.16178343949044585
Talman Ave & Addison St,1920.0,426.0,2346.0,0.1815856777493606
Lincoln Ave & Addison St,1948.0,337.0,2285.0,0.1474835886214442
Richmond St & Diversey Ave,1745.0,529.0,2274.0,0.2326297273526825
Drake Ave & Fullerton Ave,1770.0,473.0,2243.0,0.2108782880071333
Indiana Ave & 26th St,1787.0,440.0,2227.0,0.19757521329142344
Halsted St & 18th St,1899.0,307.0,2206.0,0.13916591115140525
Wells St & 19th St,1273.0,912.0,2185.0,0.41739130434782606
Ashland Ave & Lake St (Temp),1979.0,200.0,2179.0,0.09178522257916476
Damen Ave & Madison St,1344.0,782.0,2126.0,0.367826904985889
California Ave & Division St,1474.0,634.0,2108.0,0.30075901328273247
Emerald Ave & 28th St,1886.0,194.0,2080.0,0.09326923076923077
Central Park Ave & Bloomingdale Ave,997.0,1075.0,2072.0,0.5188223938223938
Eastlake Ter & Rogers Ave,1696.0,345.0,2041.0,0.16903478686918177
Kosciuszko Park,1772.0,235.0,2007.0,0.11709018435475835
Shields Ave & 31st St,1836.0,164.0,2000.0,0.082
Ashland Ave & 13th St,1858.0,140.0,1998.0,0.07007007007007007
Orleans St & Elm St (*),1864.0,129.0,1993.0,0.06472654290015052
Chicago Ave & Sheridan Rd,1344.0,647.0,1991.0,0.32496233048719236
Racine Ave & 15th St,1707.0,246.0,1953.0,0.1259600614439324
Loomis St & Taylor St (*),1859.0,85.0,1944.0,0.04372427983539095
Rhodes Ave & 32nd St,1408.0,535.0,1943.0,0.2753474009264025
Lake Park Ave & 47th St,1117.0,818.0,1935.0,0.4227390180878553
Troy St & Elston Ave,1563.0,355.0,1918.0,0.18508863399374348
Halsted St & Archer Ave,1590.0,313.0,1903.0,0.1644771413557541
May St & Cullerton St,1626.0,267.0,1893.0,0.1410459587955626
Halsted St & North Branch St,1592.0,263.0,1855.0,0.1417789757412399
Damen Ave & Walnut (Lake) St (*),1636.0,216.0,1852.0,0.11663066954643629
Oakley Ave & Irving Park Rd,1537.0,308.0,1845.0,0.16693766937669377
Washtenaw Ave & Lawrence Ave,1514.0,314.0,1828.0,0.17177242888402625
Western Ave & Congress Pkwy,1514.0,308.0,1822.0,0.1690450054884742
Chicago Ave & Dempster St,1362.0,441.0,1803.0,0.24459234608985025
Morgan St & 31st St,1443.0,357.0,1800.0,0.19833333333333333
Sheridan Rd & Columbia Ave,1364.0,422.0,1786.0,0.23628219484882418
Avondale Ave & Irving Park Rd,1427.0,351.0,1778.0,0.19741282339707536
California Ave & Fletcher St,1244.0,525.0,1769.0,0.2967778405879028
Winchester (Ravenswood) Ave & Balmoral Ave,1425.0,328.0,1753.0,0.18710781517398745
Rockwell St & Eastwood Ave,1476.0,276.0,1752.0,0.15753424657534246
Greenview Ave & Jarvis Ave,1408.0,325.0,1733.0,0.18753606462781305
Leavitt St & Addison St,1359.0,366.0,1725.0,0.21217391304347827
California Ave & Montrose Ave,1242.0,480.0,1722.0,0.2787456445993031
Damen Ave & Cullerton St,1212.0,472.0,1684.0,0.28028503562945367
Kimball Ave & Belmont Ave,1287.0,391.0,1678.0,0.233015494636472
Wentworth Ave & 35th St,1196.0,481.0,1677.0,0.2868217054263566
Drake Ave & Addison St,1428.0,196.0,1624.0,0.1206896551724138
Ogden Ave & Congress Pkwy,1481.0,140.0,1621.0,0.0863664404688464
Western Ave & Monroe St,1344.0,264.0,1608.0,0.16417910447761194
Leavitt St & Belmont Ave (*),1222.0,364.0,1586.0,0.22950819672131148
Hoyne Ave & Balmoral Ave,1233.0,331.0,1564.0,0.21163682864450128
Malcolm X College,1282.0,270.0,1552.0,0.17396907216494845
Lincoln Ave & Winona St,1212.0,336.0,1548.0,0.21705426356589147
Sheridan Rd & Greenleaf Ave,1093.0,450.0,1543.0,0.2916396629941672
Ogden Ave & Roosevelt Rd,1356.0,184.0,1540.0,0.11948051948051948
Francisco Ave & Foster Ave,1194.0,332.0,1526.0,0.21756225425950196
Central Park Ave & Elbridge Ave,1273.0,240.0,1513.0,0.15862524785194976
Greenwood Ave & 47th St,1110.0,400.0,1510.0,0.26490066225165565
Central St Metra,1255.0,254.0,1509.0,0.16832339297548046
Clark St & Columbia Ave,1356.0,139.0,1495.0,0.09297658862876254
Halsted St & 21st St,1046.0,414.0,1460.0,0.28356164383561644
Troy St & North Ave,982.0,477.0,1459.0,0.3269362577107608
Wentworth Ave & 33rd St,1187.0,255.0,1442.0,0.1768377253814147
Wolcott (Ravenswood) Ave & Montrose Ave (*),1237.0,138.0,1375.0,0.10036363636363636
Clark St & Schreiber Ave,1090.0,271.0,1361.0,0.1991182953710507
Prairie Ave & Garfield Blvd,1082.0,271.0,1353.0,0.20029563932002956
Woodlawn Ave & Lake Park Ave,1010.0,298.0,1308.0,0.22782874617737003
Western Ave & Lunt Ave,1074.0,208.0,1282.0,0.1622464898595944
Loomis St & Archer Ave,1051.0,178.0,1229.0,0.14483319772172498
Kedzie Ave & Leland Ave,954.0,265.0,1219.0,0.21739130434782608
63rd St Beach,524.0,687.0,1211.0,0.5672997522708505
Western Ave & 21st St,1053.0,155.0,1208.0,0.12831125827814568
Christiana Ave & Lawrence Ave,924.0,271.0,1195.0,0.22677824267782426
Ashland Ave & 21st St,1000.0,194.0,1194.0,0.1624790619765494
Clinton St & Polk St,949.0,242.0,1191.0,0.2031905961376994
Wallace St & 35th St,930.0,233.0,1163.0,0.2003439380911436
California Ave & Byron St,781.0,376.0,1157.0,0.32497839239412274
Avers Ave & Belmont Ave,845.0,295.0,1140.0,0.25877192982456143
Manor Ave & Leland Ave,1007.0,112.0,1119.0,0.10008936550491511
Normal Ave & Archer Ave,966.0,150.0,1116.0,0.13440860215053763
Clinton St & Polk St (*),1022.0,68.0,1090.0,0.062385321100917435
Glenwood Ave & Touhy Ave,900.0,185.0,1085.0,0.17050691244239632
Central St & Girard Ave,913.0,156.0,1069.0,0.14593077642656688
Monticello Ave & Irving Park Rd,872.0,184.0,1056.0,0.17424242424242425
Central Park Ave & North Ave,782.0,264.0,1046.0,0.25239005736137665
Racine Ave & 13th St,842.0,197.0,1039.0,0.18960538979788258
Drake Ave & Montrose Ave,814.0,211.0,1025.0,0.20585365853658535
Smith Park (*),778.0,238.0,1016.0,0.234251968503937
Dodge Ave & Church St,786.0,209.0,995.0,0.2100502512562814
Albany Ave & Montrose Ave,746.0,248.0,994.0,0.24949698189134809
MLK Jr Dr & Pershing Rd,759.0,232.0,991.0,0.2341069626639758
Shields Ave & 28th Pl,850.0,138.0,988.0,0.1396761133603239
Warren Park East,834.0,133.0,967.0,0.1375387797311272
Kedzie Ave & Foster Ave,789.0,178.0,967.0,0.18407445708376421
Calumet Ave & 35th St,749.0,216.0,965.0,0.22383419689119172
Sawyer Ave & Irving Park Rd,723.0,238.0,961.0,0.24765868886576484
Cottage Grove Ave & 47th St,699.0,247.0,946.0,0.26109936575052856
Elmwood Ave & Austin St,783.0,161.0,944.0,0.1705508474576271
Spaulding Ave & Division St,682.0,256.0,938.0,0.27292110874200426
Wentworth Ave & 24th St (Temp),677.0,251.0,928.0,0.2704741379310345
California Ave & 23rd Pl,849.0,61.0,910.0,0.06703296703296703
Cottage Grove Ave & 51st St,686.0,199.0,885.0,0.2248587570621469
South Shore Dr & 71st St,505.0,355.0,860.0,0.4127906976744186
Ridge Blvd & Touhy Ave,683.0,177.0,860.0,0.2058139534883721
California Ave & 21st St,667.0,172.0,839.0,0.20500595947556616
Kedzie Ave & Lake St,671.0,149.0,820.0,0.18170731707317073
Cottage Grove Ave & 43rd St,610.0,166.0,776.0,0.21391752577319587
Halsted St & 37th St,705.0,68.0,773.0,0.08796895213454076
Keystone Ave & Fullerton Ave,572.0,200.0,772.0,0.25906735751295334
Western Ave & Howard St,587.0,177.0,764.0,0.23167539267015708
Lincolnwood Dr & Central St,619.0,132.0,751.0,0.17576564580559254
Halsted St & 35th St,595.0,153.0,748.0,0.20454545454545456
California Ave & Lake St,645.0,103.0,748.0,0.13770053475935828
Dorchester Ave & 49th St,589.0,151.0,740.0,0.20405405405405405
Cottage Grove Ave & Oakwood Blvd,352.0,388.0,740.0,0.5243243243243243
Western Ave & Granville Ave,589.0,134.0,723.0,0.18533886583679116
State St & 29th St,551.0,166.0,717.0,0.2315202231520223
St. Louis Ave & Balmoral Ave,524.0,175.0,699.0,0.2503576537911302
Prairie Ave & 43rd St,401.0,296.0,697.0,0.4246771879483501
Clark St & Jarvis Ave,560.0,134.0,694.0,0.1930835734870317
Racine Ave & 35th St,554.0,133.0,687.0,0.19359534206695778
Calumet Ave & 51st St,495.0,182.0,677.0,0.2688330871491876
South Shore Dr & 67th St,324.0,351.0,675.0,0.52
Conservatory Dr & Lake St,445.0,229.0,674.0,0.3397626112759644
Warren Park West,406.0,267.0,673.0,0.3967310549777117
Kedzie Ave & Chicago Ave,530.0,139.0,669.0,0.2077727952167414
Washtenaw Ave & Ogden Ave,459.0,201.0,660.0,0.30454545454545456
Kilbourn Ave & Milwaukee Ave,466.0,183.0,649.0,0.28197226502311246
Bernard St & Elston Ave,530.0,108.0,638.0,0.16927899686520376
Pulaski Rd & Eddy St (Temp),483.0,143.0,626.0,0.22843450479233227
Knox Ave & Montrose Ave,472.0,144.0,616.0,0.23376623376623376
Western Ave & 24th St,536.0,78.0,614.0,0.1270358306188925
Ashland Ave & Archer Ave,417.0,179.0,596.0,0.30033557046979864
DuSable Museum,382.0,200.0,582.0,0.3436426116838488
Ashland Ave & McDowell Ave,545.0,35.0,580.0,0.0603448275862069
California Ave & Francis Pl (Temp),512.0,65.0,577.0,0.11265164644714037
Ridge Blvd & Howard St,401.0,174.0,575.0,0.3026086956521739
Keystone Ave & Montrose Ave,447.0,128.0,575.0,0.22260869565217392
Milwaukee Ave & Cuyler Ave,491.0,82.0,573.0,0.1431064572425829
Kedzie Ave & Bryn Mawr Ave,312.0,243.0,555.0,0.43783783783783786
Sacramento Blvd & Franklin Blvd,507.0,43.0,550.0,0.07818181818181819
Cherry Ave & Blackhawk St,423.0,120.0,543.0,0.22099447513812154
Budlong Woods Library,333.0,210.0,543.0,0.3867403314917127
Wentworth Ave & 24th St,394.0,136.0,530.0,0.25660377358490566
Kilbourn Ave & Irving Park Rd,445.0,68.0,513.0,0.13255360623781676
2112 W Peterson Ave,385.0,121.0,506.0,0.2391304347826087
Bosworth Ave & Howard St,422.0,78.0,500.0,0.156
Leavitt St & Archer Ave,336.0,126.0,462.0,0.2727272727272727
Dorchester Ave & 63rd St,259.0,203.0,462.0,0.4393939393939394
Evanston Civic Center,271.0,185.0,456.0,0.4057017543859649
Princeton Ave & Garfield Blvd,405.0,37.0,442.0,0.083710407239819
Kedzie Ave & 21st St,370.0,68.0,438.0,0.1552511415525114
Austin Blvd & Lake St,297.0,138.0,435.0,0.31724137931034485
Valli Produce - Evanston Plaza,321.0,103.0,424.0,0.2429245283018868
Washtenaw Ave & Ogden Ave (*),396.0,25.0,421.0,0.05938242280285035
Clark St & Touhy Ave,375.0,45.0,420.0,0.10714285714285714
Oakley Ave & Touhy Ave,251.0,169.0,420.0,0.4023809523809524
Cottage Grove Ave & 63rd St,299.0,108.0,407.0,0.26535626535626533
Jeffery Blvd & 67th St,82.0,316.0,398.0,0.7939698492462312
Dodge Ave & Mulford St,275.0,115.0,390.0,0.2948717948717949
MLK Jr Dr & 47th St,275.0,112.0,387.0,0.28940568475452194
Kildare Ave & Montrose Ave,248.0,139.0,387.0,0.35917312661498707
Indiana Ave & 40th St,271.0,114.0,385.0,0.2961038961038961
Fairfield Ave & Roosevelt Rd,221.0,158.0,379.0,0.41688654353562005
Archer (Damen) Ave & 37th St,277.0,91.0,368.0,0.24728260869565216
Ashland Ave & Pershing Rd,300.0,57.0,357.0,0.15966386554621848
Princeton Ave & 47th St,294.0,50.0,344.0,0.14534883720930233
Halsted St & 35th St (*),314.0,24.0,338.0,0.07100591715976332
Union Ave & Root St,249.0,85.0,334.0,0.25449101796407186
Wood St & 35th St,243.0,85.0,328.0,0.25914634146341464
South Shore Dr & 74th St,194.0,125.0,319.0,0.39184952978056425
Maplewood Ave & Peterson Ave,198.0,91.0,289.0,0.314878892733564
Racine Ave & Garfield Blvd,211.0,54.0,265.0,0.2037735849056604
Halsted St & 47th Pl,237.0,19.0,256.0,0.07421875
Western Ave & 28th St,186.0,56.0,242.0,0.23140495867768596
Wolcott Ave & Fargo Ave,203.0,39.0,242.0,0.16115702479338842
Stony Island Ave & 64th St,86.0,155.0,241.0,0.6431535269709544
Central Park Ave & Ogden Ave,157.0,83.0,240.0,0.3458333333333333
Albany Ave & 26th St,157.0,78.0,235.0,0.33191489361702126
Western Blvd & 48th Pl,184.0,50.0,234.0,0.21367521367521367
Cornell Dr & Hayes Dr,107.0,117.0,224.0,0.5223214285714286
State St & 79th St,180.0,38.0,218.0,0.1743119266055046
Hoyne Ave & 47th St,182.0,33.0,215.0,0.15348837209302327
State St & Pershing Rd,161.0,52.0,213.0,0.24413145539906103
Jeffery Blvd & 71st St,130.0,77.0,207.0,0.3719806763285024
Damen Ave & Coulter St,157.0,47.0,204.0,0.23039215686274508
Stony Island Ave & 71st St,121.0,81.0,202.0,0.400990099009901
Stony Island Ave & 67th St,75.0,126.0,201.0,0.6268656716417911
Kedzie Ave & Roosevelt Rd,140.0,54.0,194.0,0.27835051546391754
Austin Blvd & Madison St,101.0,84.0,185.0,0.4540540540540541
Eberhart Ave & 61st St,96.0,85.0,181.0,0.4696132596685083
Central Ave & Chicago Ave,125.0,52.0,177.0,0.2937853107344633
Halsted St & 63rd St,150.0,20.0,170.0,0.11764705882352941
Rainbow Beach,71.0,97.0,168.0,0.5773809523809523
California Ave & 26th St,119.0,47.0,166.0,0.28313253012048195
MLK Jr Dr & 83rd St,96.0,66.0,162.0,0.4074074074074074
Millard Ave & 26th St,97.0,64.0,161.0,0.39751552795031053
Damen Ave & Pershing Rd,55.0,103.0,158.0,0.6518987341772152
Cottage Grove Ave & 67th St,117.0,35.0,152.0,0.23026315789473684
Archer (Damen) Ave & 37th St (*),139.0,7.0,146.0,0.04794520547945205
Kedzie Ave & Harrison St,109.0,35.0,144.0,0.24305555555555555
Laramie Ave & Madison St,96.0,48.0,144.0,0.3333333333333333
MLK Jr Dr & 56th St,87.0,49.0,136.0,0.3602941176470588
Wentworth Ave & 63rd St,90.0,43.0,133.0,0.3233082706766917
MLK Jr Dr & 63rd St,86.0,45.0,131.0,0.3435114503816794
Central Ave & Madison St,89.0,40.0,129.0,0.31007751937984496
Pulaski Rd & Lake St,96.0,30.0,126.0,0.23809523809523808
Jeffery Blvd & 76th St,82.0,43.0,125.0,0.344
Wabash Ave & 87th St,84.0,41.0,125.0,0.328
Morgan St & Pershing Rd,112.0,13.0,125.0,0.104
Perry Ave & 69th St,95.0,29.0,124.0,0.23387096774193547
Vernon Ave & 75th St,67.0,57.0,124.0,0.4596774193548387
Austin Blvd & Chicago Ave,66.0,57.0,123.0,0.4634146341463415
Greenwood Ave & 79th St,103.0,20.0,123.0,0.16260162601626016
Karlov Ave & Madison St,95.0,27.0,122.0,0.22131147540983606
Ashland Ave & Garfield Blvd,108.0,8.0,116.0,0.06896551724137931
Kedzie Ave & 24th St,86.0,30.0,116.0,0.25862068965517243
Stony Island Ave & 75th St,72.0,43.0,115.0,0.3739130434782609
Yates Blvd & 75th St,70.0,45.0,115.0,0.391304347826087
Pulaski Rd & Congress Pkwy,91.0,24.0,115.0,0.20869565217391303
Cottage Grove Ave & 83rd St,32.0,78.0,110.0,0.7090909090909091
Central Ave & Lake St,47.0,54.0,101.0,0.5346534653465347
Central Park Blvd & 5th Ave,61.0,37.0,98.0,0.37755102040816324
Kostner Ave & Adams St,91.0,6.0,97.0,0.061855670103092786
Marshfield Ave & 44th St,60.0,30.0,90.0,0.3333333333333333
State St & 54th St,60.0,29.0,89.0,0.3258426966292135
MLK Jr Dr & 56th St (*),73.0,14.0,87.0,0.16091954022988506
Cicero Ave & Lake St,61.0,25.0,86.0,0.29069767441860467
Latrobe Ave & Chicago Ave,62.0,23.0,85.0,0.27058823529411763
Ashland Ave & 50th St,51.0,34.0,85.0,0.4
Phillips Ave & 83rd St,54.0,29.0,83.0,0.3493975903614458
Ashland Ave & 63rd St,57.0,24.0,81.0,0.2962962962962963
Halsted St & 69th St,41.0,37.0,78.0,0.47435897435897434
Elizabeth St & 47th St,69.0,8.0,77.0,0.1038961038961039
Central Ave & Harrison St,25.0,50.0,75.0,0.6666666666666666
Vernon Ave & 79th St,41.0,29.0,70.0,0.4142857142857143
Halsted St & 56th St,49.0,21.0,70.0,0.3
Phillips Ave & 79th St,48.0,21.0,69.0,0.30434782608695654
Laramie Ave & Kinzie St,40.0,29.0,69.0,0.42028985507246375
Stony Island Ave & 82nd St,35.0,33.0,68.0,0.4852941176470588
Cottage Grove Ave & 78th St,36.0,30.0,66.0,0.45454545454545453
Cicero Ave & Quincy St,27.0,34.0,61.0,0.5573770491803278
Shields Ave & 43rd St,53.0,8.0,61.0,0.13114754098360656
State St & 76th St,37.0,23.0,60.0,0.38333333333333336
Kenton Ave & Madison St,40.0,20.0,60.0,0.3333333333333333
Damen Ave & 51st St,42.0,18.0,60.0,0.3
Central Park Ave & 24th St,17.0,43.0,60.0,0.7166666666666667
Ashland Ave & 69th St,37.0,20.0,57.0,0.3508771929824561
Ellis Ave & 83rd St,30.0,25.0,55.0,0.45454545454545453
Ashland Ave & 66th St,44.0,10.0,54.0,0.18518518518518517
Laramie Ave & Gladys Ave,38.0,13.0,51.0,0.2549019607843137
Cottage Grove Ave & 71st St,22.0,27.0,49.0,0.5510204081632653
Bennett Ave & 79th St,35.0,13.0,48.0,0.2708333333333333
Eggleston Ave & 69th St (*),38.0,8.0,46.0,0.17391304347826086
Woodlawn Ave & 75th St,11.0,34.0,45.0,0.7555555555555555
Evans Ave & 75th St,29.0,14.0,43.0,0.32558139534883723
Throop St & 52nd St,23.0,20.0,43.0,0.46511627906976744
Stewart Ave & 63rd St (*),38.0,2.0,40.0,0.05
Exchange Ave & 79th St,16.0,23.0,39.0,0.5897435897435898
Commercial Ave & 83rd St,18.0,21.0,39.0,0.5384615384615384
Marshfield Ave & 59th St,29.0,9.0,38.0,0.23684210526315788
Damen Ave & 59th St,21.0,16.0,37.0,0.43243243243243246
Halsted St & 59th St,21.0,15.0,36.0,0.4166666666666667
South Chicago Ave & 83rd St,10.0,26.0,36.0,0.7222222222222222
May St & 69th St,25.0,9.0,34.0,0.2647058823529412
Calumet Ave & 71st St,8.0,25.0,33.0,0.7575757575757576
Wabash Ave & 83rd St,25.0,7.0,32.0,0.21875
Cicero Ave & Flournoy St,19.0,10.0,29.0,0.3448275862068966
Halsted St & 51st St,10.0,17.0,27.0,0.6296296296296297
DIVVY Map Frame B/C Station,24.0,2.0,26.0,0.07692307692307693
Stony Island Ave & South Chicago Ave,16.0,10.0,26.0,0.38461538461538464
Vincennes Ave & 75th St,3.0,20.0,23.0,0.8695652173913043
Kostner Ave & Lake St,11.0,9.0,20.0,0.45
Seeley Ave & Garfield Blvd,3.0,14.0,17.0,0.8235294117647058
Rhodes Ave & 71st St,4.0,13.0,17.0,0.7647058823529411
HUBBARD ST BIKE CHECKING (LBS-WH-TEST),15.0,0.0,15.0,0.0
Carpenter St & 63rd St,6.0,7.0,13.0,0.5384615384615384
South Chicago Ave & Elliot Ave,2.0,11.0,13.0,0.8461538461538461
Michigan Ave & 71st St,5.0,6.0,11.0,0.5454545454545454
Racine Ave & 65th St,4.0,6.0,10.0,0.6
Racine Ave & 61st St,5.0,4.0,9.0,0.4444444444444444
Elizabeth St & 59th St,7.0,1.0,8.0,0.125
DIVVY CASSETTE REPAIR MOBILE STATION,3.0,0.0,3.0,0.0
LBS - BBB La Magie,0.0,1.0,1.0,1.0
Special Events,0.0,1.0,1.0,1.0
