member_casual,weekday_num,hour,rides,weekday
casual,0,0,907,Monday
casual,0,1,574,Monday
casual,0,2,280,Monday
casual,0,3,189,Monday
casual,0,4,147,Monday
casual,0,5,367,Monday
casual,0,6,863,Monday
casual,0,7,1856,Monday
casual,0,8,2902,Monday
casual,0,9,3300,Monday
casual,0,10,5209,Monday
casual,0,11,7075,Monday
casual,0,12,7662,Monday
casual,0,13,8022,Monday
casual,0,14,8231,Monday
casual,0,15,8675,Monday
casual,0,16,9374,Monday
casual,0,17,10945,Monday
casual,0,18,8489,Monday
casual,0,19,6201,Monday
casual,0,20,4228,Monday
casual,0,21,2805,Monday
casual,0,22,2019,Monday
casual,0,23,1169,Monday
casual,1,0,639,Tuesday
casual,1,1,389,Tuesday
casual,1,2,206,Tuesday
casual,1,3,132,Tuesday
casual,1,4,126,Tuesday
casual,1,5,390,Tuesday
casual,1,6,1037,Tuesday
casual,1,7,1920,Tuesday
casual,1,8,2909,Tuesday
casual,1,9,2781,Tuesday
casual,1,10,3794,Tuesday
casual,1,11,4869,Tuesday
casual,1,12,5326,Tuesday
casual,1,13,6039,Tuesday
casual,1,14,6446,Tuesday
casual,1,15,6909,Tuesday
casual,1,16,8100,Tuesday
casual,1,17,10466,Tuesday
casual,1,18,8501,Tuesday
casual,1,19,6498,Tuesday
casual,1,20,4401,Tuesday
casual,1,21,2943,Tuesday
casual,1,22,2338,Tuesday
casual,1,23,1496,Tuesday
casual,2,0,717,Wednesday
casual,2,1,324,Wednesday
casual,2,2,212,Wednesday
casual,2,3,104,Wednesday
casual,2,4,106,Wednesday
casual,2,5,369,Wednesday
casual,2,6,987,Wednesday
casual,2,7,2061,Wednesday
casual,2,8,2979,Wednesday
casual,2,9,2644,Wednesday
casual,2,10,3750,Wednesday
casual,2,11,4840,Wednesday
casual,2,12,5388,Wednesday
casual,2,13,6123,Wednesday
casual,2,14,6546,Wednesday
casual,2,15,6841,Wednesday
casual,2,16,8611,Wednesday
casual,2,17,10795,Wednesday
casual,2,18,8640,Wednesday
casual,2,19,6324,Wednesday
casual,2,20,4214,Wednesday
casual,2,21,3203,Wednesday
casual,2,22,2541,Wednesday
casual,2,23,1426,Wednesday
casual,3,0,741,Thursday
casual,3,1,476,Thursday
casual,3,2,249,Thursday
casual,3,3,159,Thursday
casual,3,4,70,Thursday
casual,3,5,322,Thursday
casual,3,6,904,Thursday
casual,3,7,1894,Thursday
casual,3,8,2973,Thursday
casual,3,9,2840,Thursday
casual,3,10,4009,Thursday
casual,3,11,5383,Thursday
casual,3,12,6225,Thursday
casual,3,13,6938,Thursday
casual,3,14,7679,Thursday
casual,3,15,8374,Thursday
casual,3,16,9737,Thursday
casual,3,17,11386,Thursday
casual,3,18,9877,Thursday
casual,3,19,6983,Thursday
casual,3,20,4857,Thursday
casual,3,21,3880,Thursday
casual,3,22,3446,Thursday
casual,3,23,1970,Thursday
casual,4,0,915,Friday
casual,4,1,559,Friday
casual,4,2,354,Friday
casual,4,3,167,Friday
casual,4,4,157,Friday
casual,4,5,382,Friday
casual,4,6,927,Friday
casual,4,7,2054,Friday
casual,4,8,3185,Friday
casual,4,9,3620,Friday
casual,4,10,5777,Friday
casual,4,11,7792,Friday
casual,4,12,9102,Friday
casual,4,13,9712,Friday
casual,4,14,10441,Friday
casual,4,15,11144,Friday
casual,4,16,12023,Friday
casual,4,17,11574,Friday
casual,4,18,9372,Friday
casual,4,19,6923,Friday
casual,4,20,4961,Friday
casual,4,21,3705,Friday
casual,4,22,3521,Friday
casual,4,23,2774,Friday
casual,5,0,1883,Saturday
casual,5,1,1523,Saturday
casual,5,2,969,Saturday
casual,5,3,563,Saturday
casual,5,4,250,Saturday
casual,5,5,345,Saturday
casual,5,6,705,Saturday
casual,5,7,1638,Saturday
casual,5,8,3794,Saturday
casual,5,9,7570,Saturday
casual,5,10,12470,Saturday
casual,5,11,16700,Saturday
casual,5,12,19546,Saturday
casual,5,13,21177,Saturday
casual,5,14,21410,Saturday
casual,5,15,20851,Saturday
casual,5,16,19072,Saturday
casual,5,17,15771,Saturday
casual,5,18,12494,Saturday
casual,5,19,9449,Saturday
casual,5,20,6668,Saturday
casual,5,21,4928,Saturday
casual,5,22,4655,Saturday
casual,5,23,3625,Saturday
casual,6,0,2402,Sunday
casual,6,1,1539,Sunday
casual,6,2,1065,Sunday
casual,6,3,611,Sunday
casual,6,4,319,Sunday
casual,6,5,439,Sunday
casual,6,6,668,Sunday
casual,6,7,1443,Sunday
casual,6,8,3056,Sunday
casual,6,9,5947,Sunday
casual,6,10,9755,Sunday
casual,6,11,13377,Sunday
casual,6,12,16342,Sunday
casual,6,13,17168,Sunday
casual,6,14,17718,Sunday
casual,6,15,17300,Sunday
casual,6,16,15960,Sunday
casual,6,17,13550,Sunday
casual,6,18,10646,Sunday
casual,6,19,7997,Sunday
casual,6,20,5074,Sunday
casual,6,21,3461,Sunday
casual,6,22,2646,Sunday
casual,6,23,1696,Sunday
member,0,0,1211,Monday
member,0,1,675,Monday
member,0,2,407,Monday
member,0,3,324,Monday
member,0,4,990,Monday
member,0,5,5759,Monday
member,0,6,17806,Monday
member,0,7,39863,Monday
member,0,8,49089,Monday
member,0,9,18974,Monday
member,0,10,11241,Monday
member,0,11,14059,Monday
member,0,12,16754,Monday
member,0,13,15417,Monday
member,0,14,14990,Monday
member,0,15,21901,Monday
member,0,16,49076,Monday
member,0,17,74132,Monday
member,0,18,44532,Monday
member,0,19,26503,Monday
member,0,20,15785,Monday
member,0,21,10541,Monday
member,0,22,5920,Monday
member,0,23,2831,Monday
member,1,0,1394,Tuesday
member,1,1,631,Tuesday
member,1,2,330,Tuesday
member,1,3,290,Tuesday
member,1,4,1216,Tuesday
member,1,5,6887,Tuesday
member,1,6,21965,Tuesday
member,1,7,46607,Tuesday
member,1,8,56099,Tuesday
member,1,9,21436,Tuesday
member,1,10,12124,Tuesday
member,1,11,14499,Tuesday
member,1,12,17112,Tuesday
member,1,13,16468,Tuesday
member,1,14,15369,Tuesday
member,1,15,22329,Tuesday
member,1,16,50570,Tuesday
member,1,17,76605,Tuesday
member,1,18,46353,Tuesday
member,1,19,28301,Tuesday
member,1,20,17782,Tuesday
member,1,21,12009,Tuesday
member,1,22,7101,Tuesday
member,1,23,3548,Tuesday
member,2,0,1523,Wednesday
member,2,1,695,Wednesday
member,2,2,327,Wednesday
member,2,3,317,Wednesday
member,2,4,1020,Wednesday
member,2,5,6275,Wednesday
member,2,6,20228,Wednesday
member,2,7,44549,Wednesday
member,2,8,54791,Wednesday
member,2,9,21791,Wednesday
member,2,10,12436,Wednesday
member,2,11,15315,Wednesday
member,2,12,17649,Wednesday
member,2,13,16926,Wednesday
member,2,14,16582,Wednesday
member,2,15,23441,Wednesday
member,2,16,51156,Wednesday
member,2,17,74917,Wednesday
member,2,18,44913,Wednesday
member,2,19,28158,Wednesday
member,2,20,17317,Wednesday
member,2,21,12481,Wednesday
member,2,22,7736,Wednesday
member,2,23,3734,Wednesday
member,3,0,1632,Thursday
member,3,1,842,Thursday
member,3,2,466,Thursday
member,3,3,343,Thursday
member,3,4,1000,Thursday
member,3,5,5916,Thursday
member,3,6,18773,Thursday
member,3,7,42658,Thursday
member,3,8,53055,Thursday
member,3,9,21261,Thursday
member,3,10,12436,Thursday
member,3,11,15244,Thursday
member,3,12,18254,Thursday
member,3,13,16973,Thursday
member,3,14,16327,Thursday
member,3,15,23650,Thursday
member,3,16,50048,Thursday
member,3,17,71847,Thursday
member,3,18,44742,Thursday
member,3,19,27689,Thursday
member,3,20,17240,Thursday
member,3,21,12737,Thursday
member,3,22,9000,Thursday
member,3,23,4782,Thursday
member,4,0,2299,Friday
member,4,1,1168,Friday
member,4,2,647,Friday
member,4,3,526,Friday
member,4,4,1037,Friday
member,4,5,5687,Friday
member,4,6,17702,Friday
member,4,7,39958,Friday
member,4,8,50159,Friday
member,4,9,21320,Friday
member,4,10,13574,Friday
member,4,11,16743,Friday
member,4,12,20219,Friday
member,4,13,20589,Friday
member,4,14,21366,Friday
member,4,15,29625,Friday
member,4,16,50649,Friday
member,4,17,55087,Friday
member,4,18,33090,Friday
member,4,19,20437,Friday
member,4,20,12841,Friday
member,4,21,9328,Friday
member,4,22,7404,Friday
member,4,23,5511,Friday
member,5,0,3835,Saturday
member,5,1,2535,Saturday
member,5,2,1507,Saturday
member,5,3,903,Saturday
member,5,4,682,Saturday
member,5,5,1530,Saturday
member,5,6,3419,Saturday
member,5,7,6885,Saturday
member,5,8,12736,Saturday
member,5,9,18069,Saturday
member,5,10,21845,Saturday
member,5,11,23835,Saturday
member,5,12,24549,Saturday
member,5,13,24059,Saturday
member,5,14,22400,Saturday
member,5,15,20983,Saturday
member,5,16,20177,Saturday
member,5,17,18026,Saturday
member,5,18,16363,Saturday
member,5,19,13539,Saturday
member,5,20,9623,Saturday
member,5,21,7525,Saturday
member,5,22,6782,Saturday
member,5,23,5356,Saturday
member,6,0,3980,Sunday
member,6,1,2487,Sunday
member,6,2,1645,Sunday
member,6,3,983,Sunday
member,6,4,669,Sunday
member,6,5,1102,Sunday
member,6,6,2248,Sunday
member,6,7,4322,Sunday
member,6,8,8053,Sunday
member,6,9,12280,Sunday
member,6,10,17044,Sunday
member,6,11,20235,Sunday
member,6,12,22139,Sunday
member,6,13,21514,Sunday
member,6,14,20880,Sunday
member,6,15,21417,Sunday
member,6,16,21225,Sunday
member,6,17,20053,Sunday
member,6,18,17241,Sunday
member,6,19,13758,Sunday
member,6,20,9169,Sunday
member,6,21,6647,Sunday
member,6,22,4592,Sunday
member,6,23,2558,Sunday
